listed_carrier,matched_carrier_records,matched_carrier_nums,non_hidden_plan_count,strict_match_records,strict_match_plan_count,fee_schedules_used,best_guess_effective_pct_ucr,flags
United Healthcare,UNITED HEALTHCARE DUAL COMPLETE PLANS; UNITED HEALTHCARE DENTAL COMMERCIAL & HMO,778; 795,97,2,97,"87:Connection Dental 2024 [92 plans, 86.1%]; 71:Careington CP50 [3 plans, 79.8%]; 89:Standard 04/2025 [2 plans, 100.0%]",86.2,SPLIT_ACROSS_3_SCHEDULES
Blue Cross Blue Shield,BLUE CROSS BLUE SHIELD OF MICHIGAN; BLUE CROSS BLUE SHIELD OF NEW MEXICO; BLUE CROSS BLUE SHIELD OF SOUTH CAROLINA; BLUE CROSS BLUE SHIELD OF NORTH CAROLINA; BLUE CROSS BLUE SHIELD OF ARKANSAS; EXCELLUS BLUE CROSS BLUE SHIELD; BLUE CROSS BLUE SHIELD OF TEXAS; BLUE CROSS BLUE SHIELD OF ALABAMA; BLUE CROSS BLUE SHIELD OF ARKANSAS; BLUE CROSS BLUE SHIELD FEP DENTAL; BLUE CROSS BLUE SHIELD OF ILLINOIS; BLUE CROSS BLUE SHIELD OF OKLAHOMA; BLUE CROSS BLUE SHIELD OF TENNESSEE; BLUE CROSS BLUE SHIELD FEP MEDICAL ARKANSAS; BLUE CROSS BLUE SHIELD OF MASSACHUSETTS; BLUE CROSS BLUE SHIELD OF FLORIDA; BLUE CROSS BLUE SHIELD OF GEORGIA,112; 212; 226; 228; 229; 256; 310; 376; 662; 669; 683; 698; 711; 714; 759; 798; 837,250,17,250,"81:Arkansas BCBS Blue/Grid + 10/2023 [173 plans, 65.0%]; 89:Standard 04/2025 [72 plans, 100.0%]; 78:DNOA BCBS TX/ OK/ IL/ MI/ NM/ KS 2023 [5 plans, 45.3%]",74.7,SPLIT_ACROSS_3_SCHEDULES
Health Choice,HEALTHCHOICE,717,9,0,0,"64:Healthchoice [9 plans, 55.1%]",55.1,RECOVERED_BY_NORMALISATION:1:9
Choice Benefits,,,0,0,0,,,NO_CARRIER_RECORD
Cigna,CIGNA,602,86,1,86,"87:Connection Dental 2024 [84 plans, 86.1%]; 71:Careington CP50 [1 plans, 79.8%]; 0:(no schedule — pays off UCR) [1 plans, 100.0%]",86.2,UCR_NO_SCHEDULE:1; SPLIT_ACROSS_3_SCHEDULES
Aetna,AETNA COVENTRY DENTAL; AETNA; AETNA MEDICARE,69; 703; 763,75,3,75,"87:Connection Dental 2024 [71 plans, 86.1%]; 89:Standard 04/2025 [3 plans, 100.0%]; 71:Careington CP50 [1 plans, 79.8%]",86.6,SPLIT_ACROSS_3_SCHEDULES
GEHA,GEHA CONNECTION MEDICAL FEDERAL; GEHA CONNECTION DENTAL FEDERAL,756; 824,4,2,4,"89:Standard 04/2025 [2 plans, 100.0%]; 87:Connection Dental 2024 [2 plans, 86.1%]",93.1,SPLIT_ACROSS_2_SCHEDULES
Ameritas,AMERITAS LIFE INSURANCE CORPORATION,692,27,1,27,"87:Connection Dental 2024 [27 plans, 86.1%]",86.1,
Delta Dental,DELTA DENTAL OF VIRGINIA GROUP PLANS; DELTA DENTAL OF MISSOURI; DELTA DENTAL OF KENTUCKY; DELTA DENTAL OF OKLAHOMA; DELTA DENTAL OF NEBRASKA; DELTA DENTAL INSURANCE COMPANY GEORGIA; DELTA DENTAL OF WISCONSIN GROUP PLANS; DELTA DENTAL OF COLORADO GROUP PLANS; DELTA DENTAL OF MASSACHUSETTS; DELTA DENTAL OF MINNESOTA; DELTA DENTAL OF TEXAS; DELTA DENTAL OF CALIFORNIA FEDERAL GOVERNMENT PROGRAMS; DELTA DENTAL OF WASHINGTON; DELTA DENTAL OF DELAWARE; DELTA DENTAL OF NEW MEXICO; DELTA DENTAL OF IOWA; DELTA DENTAL INSURANCE COMPANY FLORIDA; DELTA DENTAL OF ARIZONA; DELTA DENTAL OF MICHIGAN; DELTA DENTAL OF CALIFORNIA; DELTA DENTAL OF OHIO; DELTA DENTAL OF ILLINOIS GROUP PLANS; DELTA DENTAL SMILES CHILD MEDICAID; DELTA DENTAL OF PENNSYLVANIA; DELTA DENTAL INSURANCE COMPANY AARP DENTAL INSURANCE PLAN; DELTA DENTAL OF SOUTH DAKOTA; DELTA DENTAL SMILES ADULT MEDICAID; DELTA DENTAL OF TENNESSEE; DELTA DENTAL OF ARKANSAS; NORTHEAST DELTA DENTAL MAINE; NORTHEAST DELTA DENTAL VERMONT; DELTA DENTAL OF NEW YORK; DELTA DENTAL OF NEW JERSEY; DELTA DENTAL OF KANSAS; DELTA DENTAL OF ALABAMA; DELTA DENTAL OF ALASKA; DELTA DENTAL OF ARKANSAS INDIVIDUAL PLANS; DELTA DENTAL OF MISSOURI; DELTA DENTAL OF NORTH CAROLINA; NORTHEAST DELTA DENTAL NEW HAMPSIRE; NORTHWEST DELTA DENTAL NEW HAMPSIRE,14; 73; 108; 127; 147; 156; 167; 168; 178; 185; 187; 203; 244; 255; 258; 268; 280; 288; 401; 410; 436; 444; 537; 648; 682; 691; 739; 745; 748; 752; 753; 773; 779; 788; 790; 810; 830; 831; 833; 840; 842,439,41,439,"89:Standard 04/2025 [252 plans, 100.0%]; 62:Delta Arkansas Premier 09/2023 [145 plans, 52.9%]; 68:Delta Dental Arkansas PPO 2023 [36 plans, 49.3%]; 53:Fee Standard 62023 [2 plans, 90.0%]; 69:Delta Oklahoma '20 [1 plans, 50.2%]; 60:Delta Dental Smiles/Child [1 plans, 37.4%]; 61:Delta Dental Smiles Adult [1 plans, 45.4%]; 0:(no schedule — pays off UCR) [1 plans, 100.0%]",79.9,UCR_NO_SCHEDULE:1; SPLIT_ACROSS_8_SCHEDULES
Anthem Blue Cross and Blue Shield,,,0,0,0,,,NO_CARRIER_RECORD
Anthem,ANTHEM BLUE CROSS,811,15,1,15,"89:Standard 04/2025 [15 plans, 100.0%]",100.0,
Guardian,GUARDIAN; GUARDIAN ADVANTAGE CORE,822; 828,56,2,56,"87:Connection Dental 2024 [55 plans, 86.1%]; 89:Standard 04/2025 [1 plans, 100.0%]",86.4,SPLIT_ACROSS_2_SCHEDULES
Principal Life Insurance Company,PRINCIPAL LIFE INSURANCE COMPANY,660,22,1,22,"87:Connection Dental 2024 [22 plans, 86.1%]",86.1,
Humana,HUMANA INSURANCE COMPANY; HUMANA DENTAL,640; 820,64,2,64,"87:Connection Dental 2024 [62 plans, 86.1%]; 89:Standard 04/2025 [2 plans, 100.0%]",86.6,SPLIT_ACROSS_2_SCHEDULES
United Concordia TDP & Active Duty,UNITED CONCORDIA TRICARE TDP; UNITED CONCORDIA TRICARE ADDP ACTIVE DUTY; UNITED CONCORDIA,90; 598; 826,38,0,0,"65:United Concordia/TDP/Tricare ONLY '23 [36 plans, 41.0%]; 81:Arkansas BCBS Blue/Grid + 10/2023 [2 plans, 65.0%]",42.3,RECOVERED_BY_NORMALISATION:3:38; SPLIT_ACROSS_2_SCHEDULES
Lincoln Financial Group,LINCOLN FINANCIAL GROUP,813,3,1,3,"87:Connection Dental 2024 [3 plans, 86.1%]",86.1,
MetLife,METLIFE DENTAL,472,111,1,111,"87:Connection Dental 2024 [103 plans, 86.1%]; 71:Careington CP50 [7 plans, 79.8%]; 0:(no schedule — pays off UCR) [1 plans, 100.0%]",85.8,UCR_NO_SCHEDULE:1; SPLIT_ACROSS_3_SCHEDULES
