fee_sched_num,description,is_ucr,D0120_pct_ucr,D0140_pct_ucr,D0150_pct_ucr,D0210_pct_ucr,D0274_pct_ucr,D0330_pct_ucr,D1110_pct_ucr,D1120_pct_ucr,D1206_pct_ucr,D1208_pct_ucr,D2391_pct_ucr,D2392_pct_ucr,D2393_pct_ucr,D2740_pct_ucr,D2750_pct_ucr,D2950_pct_ucr,D3330_pct_ucr,D4341_pct_ucr,D4910_pct_ucr,D7140_pct_ucr,D7210_pct_ucr,D6010_pct_ucr
89,Standard 04/2025,yes,100.0,100.0,100.0,100.0,100.0,100.0,100.0,100.0,100.0,100.0,100.0,100.0,100.0,100.0,100.0,100.0,100.0,100.0,100.0,100.0,100.0,100.0
53,Fee Standard 62023,no,86.8,86.9,86.4,88.6,90.1,87.6,91.5,97.7,90.0,85.7,87.9,87.8,88.9,90.1,87.9,87.9,97.9,89.0,89.3,86.4,87.5,92.2
74,Smile Savers plan 2023,no,,,,,,,,,,,87.9,87.8,88.9,90.1,87.9,87.9,88.4,89.0,89.3,86.4,87.5,92.2
87,Connection Dental 2024,no,82.7,82.0,69.4,84.0,82.5,81.7,89.5,92.1,98.7,85.4,77.8,78.2,77.2,91.4,85.0,68.3,97.9,76.7,89.3,65.9,75.8,90.7
83,Mutural of Omaha 10/2023,no,69.1,70.7,69.5,74.7,79.0,80.7,80.5,79.3,,71.4,78.0,80.4,82.2,85.5,82.5,79.7,81.7,83.7,81.7,64.4,73.1,
71,Careington CP50,no,69.1,70.7,69.5,74.7,79.0,80.7,80.5,79.3,76.5,85.7,78.0,80.4,82.2,77.3,82.5,79.7,81.7,83.7,81.7,64.4,73.1,90.5
79,United Health Care (UHC) 10/2023,no,69.1,70.7,69.5,74.7,79.0,80.7,80.5,79.3,0.3,71.4,78.0,80.4,82.2,85.5,82.5,79.7,81.7,83.7,81.7,64.4,73.1,0.0
81,Arkansas BCBS Blue/Grid + 10/2023,no,47.1,42.4,38.1,61.4,49.4,53.8,46.6,46.0,52.0,51.0,60.3,60.5,59.7,76.7,72.0,42.6,65.5,65.2,62.1,45.6,58.2,76.5
72,Healthchoice'22,no,63.2,63.6,61.9,65.1,65.4,63.4,63.6,62.1,64.0,63.3,63.8,63.5,63.9,66.2,64.0,64.1,63.9,65.2,65.1,60.8,63.7,68.4
70,Zelis,no,48.5,49.5,45.8,54.2,51.9,51.7,55.9,52.9,66.0,51.0,48.7,55.4,58.3,61.7,60.6,54.1,54.2,60.2,57.4,43.2,50.7,83.7
64,Healthchoice,no,50.0,50.5,50.0,54.8,55.6,53.8,52.5,51.7,58.0,53.1,53.9,54.4,54.7,56.8,55.9,53.5,54.8,55.2,55.6,49.2,52.9,57.7
80,Arkansas BCBS PPP General 10/2023,no,47.1,42.4,38.1,61.4,49.4,53.8,46.6,46.0,52.0,51.0,48.3,48.3,47.8,61.4,57.6,42.6,52.4,52.0,49.7,36.4,46.5,65.5
85,Municipal Health 10/2023,no,46.3,41.9,38.6,60.5,50.0,53.4,48.7,45.4,53.0,54.1,48.1,49.2,48.8,59.4,56.8,41.0,54.0,51.3,48.2,35.8,46.4,67.5
62,Delta Arkansas Premier 09/2023,no,41.2,43.4,39.8,60.2,91.4,60.0,40.7,41.4,46.0,51.0,49.1,44.3,49.7,55.6,57.5,38.2,52.5,51.7,45.0,36.4,46.0,67.4
54,Cigna PPO,no,80.9,82.8,69.5,43.4,79.0,80.7,80.5,,38.0,,42.2,42.6,41.7,52.1,47.5,38.5,51.3,42.9,45.6,35.6,39.6,52.2
56,Aetna 2023,no,85.3,28.3,26.3,34.9,90.1,34.5,83.9,36.8,90.0,30.6,30.2,27.7,27.2,56.4,42.0,33.2,43.5,37.6,85.8,20.8,25.8,62.7
69,Delta Oklahoma '20,no,44.1,42.4,39.0,51.2,46.9,45.5,46.6,46.0,56.0,42.9,44.4,45.9,45.8,54.8,51.8,44.7,51.5,45.1,53.3,33.6,43.2,56.2
82,Arkansas BCBS Medicare Advantage 10/2023,no,44.1,39.4,35.6,56.6,45.7,49.7,43.2,42.5,48.0,46.9,44.8,44.6,44.2,56.8,53.2,39.4,48.5,48.3,46.2,33.6,42.9,56.6
67,Dental Network of America,no,39.7,41.4,36.4,43.4,42.0,43.4,45.8,44.8,58.0,38.8,39.2,39.9,41.4,48.7,46.7,42.4,49.6,43.6,46.2,32.8,41.8,84.0
73,Standard UMR fees ,no,39.7,40.4,33.1,46.4,39.5,44.8,48.3,50.6,84.0,55.1,37.1,39.2,40.0,52.7,51.7,32.9,52.5,38.2,44.4,,,61.8
68,Delta Dental Arkansas PPO 2023,no,41.2,36.4,37.3,52.4,45.7,45.5,40.7,41.4,46.0,46.9,43.5,44.3,44.4,55.6,51.3,38.2,48.2,45.8,44.4,32.8,41.8,61.2
66,Arkansas BCBS PPO General 10/2023,no,42.6,38.4,48.3,55.4,44.4,48.3,42.4,41.4,46.0,46.9,43.5,43.6,43.1,55.3,51.8,38.5,47.2,46.7,45.0,32.8,41.8,56.6
76,Metlife 2023,no,39.7,40.4,33.1,46.4,39.5,44.8,48.3,50.6,84.0,55.1,37.1,39.2,40.0,52.7,51.7,32.9,52.5,38.2,44.4,30.0,37.7,61.8
59,Connection Dental 2024,no,35.3,48.5,43.2,51.8,34.6,50.3,40.7,49.4,60.0,46.9,30.2,27.7,44.7,52.7,48.6,32.9,52.5,48.3,50.9,38.0,46.5,58.1
61,Delta Dental Smiles Adult,no,80.9,34.5,,52.1,,43.2,40.7,,39.9,40.7,,,,,,,,44.7,39.3,28.9,38.4,
78,DNOA BCBS TX/ OK/ IL/ MI/ NM/ KS 2023,no,38.2,39.2,34.6,41.9,41.0,41.0,41.6,41.3,50.6,37.5,39.2,39.6,40.4,45.8,43.5,40.4,46.0,43.6,46.7,32.1,38.9,65.5
63,Dentamax,no,36.8,36.4,32.2,43.4,40.7,43.4,39.8,39.1,,38.8,36.6,37.2,38.6,45.8,,40.3,45.2,40.8,45.0,29.2,38.0,
65,United Concordia/TDP/Tricare ONLY '23,no,35.6,33.6,28.9,39.1,35.7,37.2,39.9,41.7,42.0,39.8,33.1,35.1,34.6,42.8,42.9,28.2,44.0,35.6,39.0,27.3,35.8,55.5
58,Ar Medicaid Child,no,39.1,34.5,29.0,52.1,30.5,43.2,41.1,41.5,39.9,40.7,28.3,27.3,26.1,44.4,,36.9,46.1,44.7,39.3,28.9,38.4,
77,MCNA ARK Medicaid 09-2023,no,39.1,34.5,29.0,52.1,30.5,43.2,41.1,41.5,39.9,40.7,28.3,27.3,26.1,44.4,,36.9,46.1,39.0,39.3,28.9,38.4,
60,Delta Dental Smiles/Child,no,39.1,34.5,,52.1,,43.2,41.1,41.5,39.9,40.7,28.3,27.3,26.1,,,,46.1,44.7,39.3,28.9,38.4,
75,Cigna 2023,no,32.4,29.3,28.8,32.5,29.6,29.7,33.9,34.5,28.0,28.6,31.5,31.8,30.8,38.7,35.2,28.5,38.1,32.0,33.7,26.4,29.4,38.7
55,Delta Dental Copay,no,7.4,7.1,8.5,3.0,6.2,6.9,4.2,5.7,,10.2,12.1,11.8,11.9,,,17.1,11.5,11.0,8.9,,,
84,Anthem BCBS 10/2023,no,,,,,,,,,,,,,,,,,,,,,,
57,APL,no,,,,,,,,,,,,,,,,,,,,,,
86,UHC Medicaid AR/OK 10/2023,no,,,,,,,,,,,,,,,,,,,,,,
88,DELETE,no,,,,,,,,,,,,,,,,,,,,,,
